Image,Class
image4703.jpg,Attire
image8371.jpg,Decorationandsignage
image8308.jpg,misc
image6299.jpg,Food
image2364.jpg,misc
image5115.jpg,Attire
image3042.jpg,Food
image5847.jpg,Attire
image10728.jpg,Attire
image5887.jpg,Food
image6731.jpg,Food
image8492.jpg,Attire
image4586.jpg,Attire
image3719.jpg,Decorationandsignage
image2686.jpg,Food
image7988.jpg,Attire
image7999.jpg,Food
image10699.jpg,misc
image9328.jpg,Food
image1173.jpg,Attire
image6365.jpg,Food
image1823.jpg,Attire
image320.jpg,Food
image6529.jpg,Decorationandsignage
image4150.jpg,Decorationandsignage
image6157.jpg,Decorationandsignage
image5336.jpg,Food
image7376.jpg,misc
image1949.jpg,Food
image123.jpg,Attire
image1861.jpg,Attire
image9658.jpg,Attire
image6748.jpg,Food
image8385.jpg,Attire
image5598.jpg,misc
image3911.jpg,Attire
image3849.jpg,Attire
image3334.jpg,Attire
image10086.jpg,Decorationandsignage
image6821.jpg,misc
image1336.jpg,Food
image5033.jpg,Food
image1380.jpg,Decorationandsignage
image919.jpg,Decorationandsignage
image8747.jpg,Attire
image7358.jpg,Attire
image4637.jpg,Attire
image5695.jpg,misc
image6329.jpg,Decorationandsignage
image1139.jpg,Attire
image2812.jpg,Food
image7046.jpg,Decorationandsignage
image2913.jpg,Food
image5852.jpg,Food
image8357.jpg,Attire
image8319.jpg,Food
image1187.jpg,Attire
image10735.jpg,Attire
image2683.jpg,Food
image9450.jpg,Food
image420.jpg,misc
image10125.jpg,Attire
image3504.jpg,Attire
image25.jpg,Attire
image4072.jpg,Attire
image5238.jpg,Decorationandsignage
image7447.jpg,Food
image2176.jpg,Food
image798.jpg,misc
image8721.jpg,Food
image10565.jpg,Attire
image3875.jpg,misc
image8805.jpg,Attire
image10029.jpg,misc
image5891.jpg,Decorationandsignage
image3612.jpg,misc
image4606.jpg,Attire
image4066.jpg,Attire
image6635.jpg,Attire
image8833.jpg,misc
image5243.jpg,Attire
image6570.jpg,Decorationandsignage
image2367.jpg,Attire
image9091.jpg,Food
image8114.jpg,Attire
image8636.jpg,Food
image7948.jpg,Food
image8143.jpg,Attire
image6572.jpg,Food
image1228.jpg,Food
image7079.jpg,Attire
image4161.jpg,Food
image3682.jpg,Attire
image8425.jpg,misc
image7051.jpg,Attire
image4616.jpg,Food
image9359.jpg,Attire
image4728.jpg,Food
image6547.jpg,Attire
image1169.jpg,Food
image5614.jpg,Attire
image6983.jpg,Attire
image6532.jpg,Food
image8188.jpg,Food
image5201.jpg,Food
image7798.jpg,Attire
image8732.jpg,Food
image9646.jpg,Food
image6381.jpg,Food
image2590.jpg,misc
image9757.jpg,misc
image8959.jpg,Food
image7372.jpg,misc
image7689.jpg,Food
image7677.jpg,Attire
image2472.jpg,Food
image1305.jpg,Attire
image8411.jpg,Food
image7716.jpg,Food
image9024.jpg,Attire
image5403.jpg,Attire
image9649.jpg,Food
image6594.jpg,Decorationandsignage
image8469.jpg,Food
image8380.jpg,Decorationandsignage
image2725.jpg,Food
image5344.jpg,Food
image1542.jpg,Food
image9839.jpg,Food
image2832.jpg,misc
image9877.jpg,Attire
image4725.jpg,Attire
image8585.jpg,Attire
image9494.jpg,Food
image1651.jpg,misc
image7755.jpg,Food
image981.jpg,Attire
image4614.jpg,misc
image697.jpg,Food
image2691.jpg,Food
image4511.jpg,misc
image10177.jpg,Attire
image10055.jpg,misc
image7463.jpg,Attire
image7155.jpg,Food
image2807.jpg,Food
image2183.jpg,Attire
image612.jpg,Food
image7587.jpg,misc
image5594.jpg,Food
image1844.jpg,Attire
image556.jpg,Attire
image7721.jpg,Food
image7925.jpg,Decorationandsignage
image7204.jpg,Attire
image1842.jpg,Food
image1967.jpg,Food
image8858.jpg,Attire
image7955.jpg,Attire
image4985.jpg,Food
image7507.jpg,Food
image602.jpg,Attire
image10347.jpg,Food
image5106.jpg,Food
image3664.jpg,Food
image5718.jpg,misc
image6222.jpg,misc
image491.jpg,Attire
image6700.jpg,Food
image5678.jpg,Attire
image8769.jpg,Food
image4163.jpg,misc
image5679.jpg,Attire
image4378.jpg,Food
image7904.jpg,Food
image10814.jpg,misc
image7612.jpg,misc
image6247.jpg,Decorationandsignage
image598.jpg,Attire
image8940.jpg,Food
image10863.jpg,Decorationandsignage
image6667.jpg,Attire
image5416.jpg,Attire
image1408.jpg,misc
image5282.jpg,Food
image9476.jpg,Attire
image8950.jpg,Attire
image6525.jpg,Decorationandsignage
image9932.jpg,Decorationandsignage
image6642.jpg,misc
image3157.jpg,Decorationandsignage
image3808.jpg,Attire
image2029.jpg,Food
image6060.jpg,Decorationandsignage
image2906.jpg,Food
image10022.jpg,Decorationandsignage
image8092.jpg,Attire
image10873.jpg,Food
image6923.jpg,Food
image289.jpg,Food
image8414.jpg,Food
image4493.jpg,Food
image8655.jpg,Attire
image10369.jpg,Food
image4634.jpg,Attire
image219.jpg,Food
image8471.jpg,misc
image5334.jpg,misc
image7973.jpg,Attire
image9225.jpg,misc
image10377.jpg,Food
image4204.jpg,Decorationandsignage
image1507.jpg,Food
image2766.jpg,Decorationandsignage
image3061.jpg,misc
image3771.jpg,Attire
image8984.jpg,misc
image3819.jpg,Attire
image3162.jpg,Attire
image5928.jpg,Attire
image9394.jpg,Attire
image8166.jpg,misc
image7151.jpg,Food
image1105.jpg,misc
image5699.jpg,Attire
image6203.jpg,Food
image7242.jpg,Food
image8964.jpg,Food
image2347.jpg,Attire
image9825.jpg,Attire
image6499.jpg,misc
image508.jpg,Attire
image2482.jpg,Food
image5840.jpg,Attire
image7087.jpg,Food
image8746.jpg,Food
image6856.jpg,Decorationandsignage
image4230.jpg,Food
image10390.jpg,Attire
image9171.jpg,misc
image3886.jpg,Attire
image3000.jpg,Decorationandsignage
image5829.jpg,Food
image7017.jpg,Food
image103.jpg,Attire
image5647.jpg,Attire
image9030.jpg,Food
image8848.jpg,Attire
image10787.jpg,misc
image3856.jpg,Attire
image10865.jpg,misc
image6970.jpg,Food
image2108.jpg,Food
image7978.jpg,Food
image901.jpg,Attire
image6244.jpg,Food
image4794.jpg,misc
image5329.jpg,Attire
image535.jpg,Food
image6403.jpg,Food
image4409.jpg,Food
image3685.jpg,Decorationandsignage
image921.jpg,Attire
image1441.jpg,Food
image3104.jpg,Decorationandsignage
image3646.jpg,Attire
image8958.jpg,Food
image5567.jpg,Attire
image4130.jpg,Food
image3435.jpg,Attire
image9262.jpg,Attire
image5686.jpg,Attire
image10800.jpg,Attire
image3855.jpg,Attire
image6045.jpg,Attire
image10581.jpg,Attire
image3438.jpg,misc
image10704.jpg,Decorationandsignage
image36.jpg,Decorationandsignage
image6371.jpg,Attire
image6757.jpg,Food
image9816.jpg,misc
image526.jpg,Attire
image3842.jpg,Food
image6873.jpg,Food
image8982.jpg,misc
image4633.jpg,Food
image8816.jpg,Attire
image1416.jpg,Food
image8189.jpg,Food
image191.jpg,Food
image6829.jpg,Attire
image5380.jpg,Food
image2002.jpg,Food
image1285.jpg,Attire
image7746.jpg,Food
image5624.jpg,misc
image9602.jpg,Attire
image1849.jpg,Food
image5568.jpg,misc
image3450.jpg,Attire
image5370.jpg,Food
image8088.jpg,Food
image10630.jpg,Decorationandsignage
image8236.jpg,misc
image961.jpg,Attire
image8234.jpg,Attire
image2478.jpg,Attire
image10122.jpg,Attire
image4711.jpg,Food
image4709.jpg,misc
image3068.jpg,Food
image1946.jpg,Decorationandsignage
image7074.jpg,Attire
image7467.jpg,Attire
image932.jpg,misc
image9663.jpg,Attire
image2819.jpg,Food
image4451.jpg,Decorationandsignage
image1955.jpg,Decorationandsignage
image6904.jpg,Food
image7055.jpg,Food
image4568.jpg,Attire
image6320.jpg,Food
image8287.jpg,Attire
image1727.jpg,Food
image9306.jpg,Attire
image8390.jpg,Food
image655.jpg,Attire
image5913.jpg,Food
image10298.jpg,Food
image7638.jpg,Food
image1952.jpg,Attire
image857.jpg,Food
image4797.jpg,Food
image9992.jpg,Attire
image10038.jpg,misc
image10148.jpg,Attire
image7307.jpg,Attire
image7009.jpg,Food
image2845.jpg,Attire
image9601.jpg,Attire
image7367.jpg,Attire
image8020.jpg,Decorationandsignage
image3722.jpg,Attire
image1504.jpg,Food
image2909.jpg,Food
image10515.jpg,Decorationandsignage
image8819.jpg,misc
image4336.jpg,Food
image7492.jpg,Food
image2014.jpg,Attire
image8713.jpg,Food
image3292.jpg,Food
image2865.jpg,Food
image5296.jpg,Decorationandsignage
image3846.jpg,Attire
image9227.jpg,Attire
image327.jpg,misc
image9844.jpg,misc
image5893.jpg,Attire
image8697.jpg,Attire
image8717.jpg,Food
image10470.jpg,Food
image1989.jpg,Food
image273.jpg,Attire
image91.jpg,misc
image1315.jpg,Attire
image3067.jpg,Attire
image9555.jpg,misc
image1093.jpg,Food
image8559.jpg,Food
image7678.jpg,Attire
image7687.jpg,Food
image6849.jpg,Attire
image5653.jpg,misc
image2282.jpg,Attire
image5322.jpg,Attire
image3078.jpg,Attire
image558.jpg,Attire
image2944.jpg,Decorationandsignage
image7021.jpg,Decorationandsignage
image1574.jpg,Attire
image7169.jpg,Attire
image3191.jpg,misc
image2735.jpg,Decorationandsignage
image1109.jpg,Food
image7635.jpg,Attire
image5543.jpg,Food
image4808.jpg,Food
image9777.jpg,Decorationandsignage
image10155.jpg,Attire
image4320.jpg,misc
image3219.jpg,misc
image8581.jpg,Decorationandsignage
image6284.jpg,misc
image10642.jpg,Food
image7262.jpg,Food
image8628.jpg,Food
image3986.jpg,Attire
image7500.jpg,misc
image9737.jpg,Attire
image8431.jpg,Food
image6708.jpg,Food
image9232.jpg,Decorationandsignage
image333.jpg,Food
image2269.jpg,Attire
image4261.jpg,misc
image5712.jpg,Attire
image4591.jpg,misc
image2637.jpg,Attire
image9356.jpg,misc
image4971.jpg,Food
image8887.jpg,Decorationandsignage
image7156.jpg,Attire
image4500.jpg,Attire
image8450.jpg,Attire
image436.jpg,Food
image3466.jpg,Food
image233.jpg,Food
image10635.jpg,Food
image5154.jpg,misc
image6214.jpg,misc
image4361.jpg,Attire
image5259.jpg,misc
image6948.jpg,Food
image4999.jpg,Attire
image6417.jpg,Attire
image1843.jpg,Attire
image6003.jpg,Food
image1171.jpg,Attire
image1344.jpg,Decorationandsignage
image8041.jpg,Food
image10475.jpg,misc
image2901.jpg,Decorationandsignage
image6965.jpg,Attire
image4831.jpg,Food
image6709.jpg,Attire
image1345.jpg,Attire
image10273.jpg,Attire
image7814.jpg,Attire
image2631.jpg,Decorationandsignage
image4739.jpg,Food
image2576.jpg,Attire
image10741.jpg,Decorationandsignage
image6098.jpg,Food
image6897.jpg,Food
image9993.jpg,Food
image984.jpg,Attire
image7365.jpg,Food
image3339.jpg,Attire
image851.jpg,Food
image2555.jpg,Attire
image8361.jpg,Attire
image4566.jpg,Food
image8954.jpg,Food
image1893.jpg,Decorationandsignage
image6144.jpg,Food
image2030.jpg,Attire
image6534.jpg,Food
image9110.jpg,Food
image8009.jpg,Attire
image4194.jpg,Food
image2754.jpg,Decorationandsignage
image8970.jpg,Food
image9716.jpg,Attire
image6960.jpg,Attire
image10528.jpg,Food
image2083.jpg,Attire
image2661.jpg,Decorationandsignage
image4159.jpg,Decorationandsignage
image1334.jpg,Attire
image3184.jpg,Attire
image6585.jpg,Attire
image198.jpg,misc
image5239.jpg,Decorationandsignage
image6605.jpg,Attire
image5776.jpg,Decorationandsignage
image1428.jpg,Food
image9295.jpg,Attire
image10504.jpg,Food
image5415.jpg,misc
image8992.jpg,Attire
image7356.jpg,Attire
image3458.jpg,Attire
image10336.jpg,Attire
image9521.jpg,Food
image6584.jpg,misc
image6080.jpg,Food
image10503.jpg,Attire
image7937.jpg,misc
image5599.jpg,Attire
image8783.jpg,misc
image7710.jpg,Attire
image4443.jpg,Attire
image3678.jpg,Attire
image3419.jpg,Food
image2667.jpg,Food
image5551.jpg,Food
image504.jpg,misc
image9919.jpg,Food
image9180.jpg,Attire
image2574.jpg,Attire
image920.jpg,Food
image1876.jpg,Food
image6316.jpg,Attire
image9692.jpg,misc
image5429.jpg,Attire
image663.jpg,Food
image898.jpg,misc
image9703.jpg,misc
image3495.jpg,misc
image604.jpg,misc
image9440.jpg,Decorationandsignage
image7497.jpg,misc
image2760.jpg,Decorationandsignage
image4033.jpg,Food
image3799.jpg,Decorationandsignage
image8153.jpg,Food
image2113.jpg,misc
image1581.jpg,Attire
image8791.jpg,misc
image7602.jpg,Decorationandsignage
image2588.jpg,misc
image5303.jpg,Food
image7039.jpg,Attire
image5294.jpg,misc
image9149.jpg,Food
image3878.jpg,Food
image90.jpg,misc
image3115.jpg,Food
image10597.jpg,Attire
image8985.jpg,Attire
image10329.jpg,misc
image4429.jpg,Attire
image1234.jpg,Attire
image10595.jpg,Decorationandsignage
image7180.jpg,Decorationandsignage
image5114.jpg,Food
image5292.jpg,Food
image10588.jpg,Attire
image9088.jpg,Attire
image8634.jpg,Attire
image6240.jpg,Food
image6206.jpg,Attire
image7642.jpg,Food
image5860.jpg,Food
image3971.jpg,misc
image10371.jpg,Food
image414.jpg,Attire
image7690.jpg,Attire
image10075.jpg,Attire
image2971.jpg,Attire
image1637.jpg,Attire
image7515.jpg,Decorationandsignage
image8817.jpg,Food
image4525.jpg,Food
image3313.jpg,misc
image7718.jpg,misc
image9151.jpg,Food
image6351.jpg,Attire
image9486.jpg,Food
image8409.jpg,Attire
image8504.jpg,Attire
image6344.jpg,Decorationandsignage
image2968.jpg,Food
image1411.jpg,Attire
image2229.jpg,Attire
image10078.jpg,Food
image4734.jpg,Food
image9186.jpg,Food
image2366.jpg,Food
image6159.jpg,Attire
image8225.jpg,misc
image3519.jpg,Food
image7374.jpg,Food
image1865.jpg,misc
image9714.jpg,Food
image4229.jpg,Food
image10445.jpg,Attire
image4579.jpg,Decorationandsignage
image5791.jpg,misc
image5454.jpg,Food
image5028.jpg,misc
image9469.jpg,Food
image8006.jpg,Food
image5863.jpg,Food
image4840.jpg,Food
image805.jpg,Food
image5285.jpg,Food
image9880.jpg,Decorationandsignage
image2648.jpg,Attire
image9267.jpg,Decorationandsignage
image4021.jpg,Attire
image7960.jpg,Decorationandsignage
image60.jpg,misc
image5971.jpg,Decorationandsignage
image6838.jpg,Food
image7422.jpg,Food
image10843.jpg,Attire
image6933.jpg,misc
image8893.jpg,Food
image8284.jpg,Food
image6557.jpg,Decorationandsignage
image2498.jpg,Food
image606.jpg,Attire
image7554.jpg,Attire
image2966.jpg,Food
image10265.jpg,Food
image7980.jpg,Attire
image2532.jpg,Attire
image5523.jpg,Attire
image322.jpg,misc
image6151.jpg,Attire
image4701.jpg,Food
image719.jpg,Attire
image5145.jpg,Food
image5635.jpg,Food
image8933.jpg,Attire
image6188.jpg,Decorationandsignage
image88.jpg,Attire
image592.jpg,Food
image7005.jpg,Food
image2257.jpg,misc
image4078.jpg,Attire
image7149.jpg,Attire
image4517.jpg,Decorationandsignage
image6971.jpg,Attire
image5012.jpg,Food
image1882.jpg,Attire
image7762.jpg,Attire
image10100.jpg,Food
image2016.jpg,Food
image2664.jpg,Attire
image5085.jpg,Attire
image9106.jpg,Food
image1914.jpg,Food
image6192.jpg,Attire
image10599.jpg,Food
image67.jpg,misc
image5388.jpg,misc
image3626.jpg,Food
image3559.jpg,Food
image6980.jpg,Attire
image3632.jpg,Attire
image1310.jpg,Attire
image10779.jpg,Food
image7481.jpg,misc
image10431.jpg,Food
image6764.jpg,Attire
image8062.jpg,Attire
image10885.jpg,Food
image4705.jpg,Decorationandsignage
image8845.jpg,Food
image1814.jpg,Attire
image10649.jpg,Food
image8993.jpg,Food
image10603.jpg,Attire
image1383.jpg,Attire
image9268.jpg,Attire
image888.jpg,Attire
image9764.jpg,Food
image9532.jpg,Decorationandsignage
image2936.jpg,misc
image10610.jpg,Food
image4825.jpg,Decorationandsignage
image7472.jpg,Food
image6788.jpg,Attire
image8331.jpg,Food
image1094.jpg,Attire
image2004.jpg,Food
image10325.jpg,Food
image7842.jpg,Attire
image902.jpg,Attire
image4489.jpg,Food
image4536.jpg,Decorationandsignage
image7415.jpg,misc
image7429.jpg,Attire
image7787.jpg,Attire
image5915.jpg,Food
image5434.jpg,Attire
image6366.jpg,Attire
image10020.jpg,misc
image5554.jpg,Attire
image8122.jpg,Attire
image7911.jpg,Attire
image5798.jpg,misc
image2351.jpg,Food
image4753.jpg,Decorationandsignage
image1482.jpg,Decorationandsignage
image7018.jpg,Food
image6306.jpg,Attire
image10149.jpg,misc
image3465.jpg,Attire
image7260.jpg,Food
image8441.jpg,Food
image8749.jpg,Attire
image5288.jpg,Food
image10493.jpg,misc
image584.jpg,Attire
image7496.jpg,Decorationandsignage
image10400.jpg,misc
image5553.jpg,misc
image6541.jpg,Food
image9550.jpg,Attire
image6961.jpg,Food
image3517.jpg,misc
image1564.jpg,misc
image9162.jpg,Attire
image9104.jpg,Food
image2069.jpg,Food
image7203.jpg,Attire
image7419.jpg,Attire
image211.jpg,Food
image3802.jpg,Food
image2859.jpg,Food
image7884.jpg,Food
image5758.jpg,Food
image910.jpg,Attire
image240.jpg,Food
image1068.jpg,Attire
image907.jpg,Attire
image7760.jpg,Attire
image4394.jpg,Food
image229.jpg,misc
image7284.jpg,Attire
image1635.jpg,Food
image2618.jpg,Attire
image2948.jpg,Attire
image2830.jpg,Food
image4498.jpg,Food
image6777.jpg,Attire
image8228.jpg,misc
image8743.jpg,Food
image10402.jpg,Food
image3940.jpg,Food
image9830.jpg,misc
image6273.jpg,Attire
image9122.jpg,Food
image7711.jpg,Food
image5811.jpg,Food
image4946.jpg,Decorationandsignage
image10580.jpg,Attire
image5856.jpg,Food
image4760.jpg,Attire
image1136.jpg,misc
image3110.jpg,Attire
image10686.jpg,Food
image2557.jpg,Food
image9750.jpg,misc
image2408.jpg,Food
image1148.jpg,Food
image4598.jpg,Attire
image3111.jpg,Food
image6280.jpg,Food
image4144.jpg,misc
image9875.jpg,Attire
image6415.jpg,Attire
image10453.jpg,misc
image9754.jpg,Attire
image4809.jpg,Attire
image7102.jpg,Attire
image8870.jpg,Food
image8477.jpg,misc
image5780.jpg,Decorationandsignage
image10575.jpg,Food
image9566.jpg,Food
image433.jpg,Attire
image4876.jpg,Food
image8297.jpg,Food
image9946.jpg,Food
image4420.jpg,Decorationandsignage
image10059.jpg,Attire
image6746.jpg,Food
image4823.jpg,Attire
image8852.jpg,Food
image4841.jpg,Food
image4643.jpg,misc
image542.jpg,Decorationandsignage
image4738.jpg,Food
image6450.jpg,Food
image8426.jpg,Attire
image10321.jpg,Food
image6277.jpg,Food
image2997.jpg,Food
image1862.jpg,misc
image8023.jpg,Attire
image5034.jpg,Attire
image9056.jpg,Attire
image3779.jpg,Food
image9554.jpg,Attire
image2362.jpg,Food
image4820.jpg,Decorationandsignage
image10016.jpg,Decorationandsignage
image7743.jpg,Attire
image2162.jpg,Food
image4064.jpg,Attire
image5221.jpg,Decorationandsignage
image8944.jpg,Decorationandsignage
image9321.jpg,misc
image3451.jpg,Food
image10260.jpg,Food
image3958.jpg,Attire
image10840.jpg,Food
image3485.jpg,Attire
image9354.jpg,Attire
image9916.jpg,Food
image5192.jpg,Attire
image4061.jpg,Food
image7337.jpg,Attire
image5719.jpg,Food
image9229.jpg,Food
image3952.jpg,Food
image7894.jpg,Decorationandsignage
image9275.jpg,misc
image3705.jpg,misc
image6680.jpg,Attire
image9214.jpg,Food
image3778.jpg,Food
image9210.jpg,Attire
image5461.jpg,Attire
image4294.jpg,Food
image7737.jpg,Attire
image9348.jpg,Attire
image7448.jpg,Food
image9365.jpg,Food
image7818.jpg,Attire
image8788.jpg,Food
image9851.jpg,Food
image2050.jpg,Food
image10168.jpg,Attire
image7864.jpg,misc
image4973.jpg,Decorationandsignage
image3137.jpg,misc
image2214.jpg,Food
image8117.jpg,Attire
image5060.jpg,Food
image9292.jpg,Food
image7848.jpg,Food
image3822.jpg,Attire
image8486.jpg,misc
image8365.jpg,Attire
image7703.jpg,Food
image1589.jpg,Attire
image9083.jpg,Attire
image10422.jpg,Decorationandsignage
image5490.jpg,Attire
image10807.jpg,Food
image8975.jpg,Food
image10621.jpg,misc
image7504.jpg,Food
image2978.jpg,Attire
image9094.jpg,Attire
image6235.jpg,misc
image6121.jpg,Decorationandsignage
image9940.jpg,Attire
image4531.jpg,Attire
image5534.jpg,Food
image5265.jpg,Food
image5277.jpg,Food
image9814.jpg,Attire
image10378.jpg,Attire
image7697.jpg,Attire
image116.jpg,Attire
image7794.jpg,Food
image10337.jpg,Attire
image2304.jpg,Decorationandsignage
image5178.jpg,Food
image8179.jpg,Attire
image4580.jpg,Decorationandsignage
image2377.jpg,Food
image10389.jpg,Food
image5722.jpg,Attire
image2999.jpg,Attire
image8520.jpg,Food
image6012.jpg,Attire
image908.jpg,Decorationandsignage
image6774.jpg,Food
image10495.jpg,Food
image9455.jpg,misc
image10847.jpg,Attire
image700.jpg,Decorationandsignage
image6461.jpg,misc
image8778.jpg,Food
image10778.jpg,Food
image10253.jpg,Attire
image6270.jpg,Attire
image1435.jpg,Food
image6745.jpg,Food
image8580.jpg,Attire
image337.jpg,Food
image8916.jpg,Food
image5922.jpg,Attire
image5794.jpg,Food
image7176.jpg,Attire
image8786.jpg,misc
image4803.jpg,Attire
image6898.jpg,Food
image10549.jpg,Food
image4765.jpg,Food
image2018.jpg,Attire
image4085.jpg,misc
image7823.jpg,Food
image3051.jpg,misc
image1723.jpg,Attire
image3148.jpg,Decorationandsignage
image3963.jpg,Attire
image9522.jpg,misc
image10057.jpg,Food
image5309.jpg,Attire
image2771.jpg,Food
image10306.jpg,Attire
image2929.jpg,misc
image1903.jpg,Food
image9497.jpg,Food
image2718.jpg,misc
image3351.jpg,Food
image5936.jpg,Attire
image10293.jpg,Food
image2381.jpg,Food
image10134.jpg,Attire
image1502.jpg,Food
image8306.jpg,Food
image5564.jpg,Food
image10311.jpg,Food
image4834.jpg,misc
image4491.jpg,Food
image6051.jpg,Food
image5646.jpg,Food
image9082.jpg,Food
image79.jpg,Food
image9318.jpg,Food
image6875.jpg,Attire
image2398.jpg,Attire
image1159.jpg,Food
image10113.jpg,Food
image7557.jpg,Food
image4283.jpg,Food
image1167.jpg,Food
image3747.jpg,Attire
image6840.jpg,Food
image7729.jpg,Attire
image9424.jpg,Food
image8793.jpg,Food
image8346.jpg,Food
image1645.jpg,misc
image5494.jpg,Food
image9510.jpg,Attire
image9070.jpg,Attire
image4406.jpg,Food
image6436.jpg,Food
image10441.jpg,Attire
image8661.jpg,Attire
image6115.jpg,Attire
image2625.jpg,Decorationandsignage
image27.jpg,misc
image6481.jpg,Food
image418.jpg,Attire
image1322.jpg,Attire
image6711.jpg,misc
image2840.jpg,Food
image7810.jpg,Food
image9284.jpg,Food
image3785.jpg,Food
image4669.jpg,Attire
image2249.jpg,Attire
image5649.jpg,Food
image758.jpg,Decorationandsignage
image3060.jpg,Attire
image6323.jpg,Food
image1241.jpg,Food
image2070.jpg,Decorationandsignage
image1197.jpg,Food
image4978.jpg,misc
image5882.jpg,misc
image9903.jpg,Attire
image9873.jpg,misc
image4148.jpg,Attire
image2494.jpg,Food
image8015.jpg,Attire
image4975.jpg,Food
image1222.jpg,Food
image9635.jpg,Attire
